{
  "version": 1,
  "height": 16,
  "command": null,
  "width": 80,
  "duration": 8.84136,
  "title": null,
  "env": {
    "TERM": "xterm",
    "SHELL": "/bin/bash"
  },
  "stdout": [
    [
      0.11401,
      "\u001b]0;nelle@stacks: ~/PIL-data\u0007nelle@stacks:~/PIL-data$ "
    ],
    [
      1.306383,
      "l"
    ],
    [
      0.097899,
      "s"
    ],
    [
      0.117837,
      " "
    ],
    [
      0.334357,
      "-"
    ],
    [
      1.347902,
      "F"
    ],
    [
      0.378087,
      " "
    ],
    [
      0.234186,
      "t"
    ],
    [
      0.087881,
      "h"
    ],
    [
      0.206,
      "e"
    ],
    [
      0.207572,
      "sis/"
    ],
    [
      0.406432,
      "\r\n"
    ],
    [
      0.003314,
      "\u001b]0;nelle@stacks: ~/PIL-data\u0007nelle@stacks:~/PIL-data$ "
    ],
    [
      2.253093,
      "c"
    ],
    [
      0.062075,
      "d"
    ],
    [
      0.063912,
      " "
    ],
    [
      0.66821,
      "t"
    ],
    [
      0.109924,
      "h"
    ],
    [
      0.074354,
      "e"
    ],
    [
      0.270404,
      "sis/"
    ],
    [
      0.495363,
      "\r\n"
    ],
    [
      0.001068,
      "\u001b]0;nelle@stacks: ~/PIL-data/thesis\u0007nelle@stacks:~/PIL-data/thesis$ "
    ]
  ]
}