{
  "height": 16,
  "width": 80,
  "version": 1,
  "stdout": [
    [
      0.116915,
      "\u001b]0;nelle@stacks: ~/PIL-data/thesis\u0007nelle@stacks:~/PIL-data/thesis$ "
    ],
    [
      1.093095,
      "n"
    ],
    [
      0.316185,
      "a"
    ],
    [
      0.140178,
      "n"
    ],
    [
      0.367786,
      "o"
    ],
    [
      0.320792,
      " "
    ],
    [
      1.64556,
      "d"
    ],
    [
      0.245975,
      "r"
    ],
    [
      0.102068,
      "a"
    ],
    [
      0.210075,
      "f"
    ],
    [
      0.228315,
      "t"
    ],
    [
      0.900021,
      "."
    ],
    [
      1.63212,
      "t"
    ],
    [
      0.09606,
      "x"
    ],
    [
      0.057746,
      "t"
    ],
    [
      1.130156,
      "\r\n"
    ],
    [
      0.032574,
      "\u001b[?1049h\u001b[1;16r\u001b(B\u001b[m\u001b[4l\u001b[?7h\u001b[?12l\u001b[?25h\u001b[?1h\u001b="
    ],
    [
      0.000103,
      "\u001b[?1h\u001b=\u001b[?1h\u001b="
    ],
    [
      0.001982,
      "\u001b[39;49m\u001b[39;49m\u001b(B\u001b[m\u001b[H\u001b[2J\u001b(B\u001b[0;7m  GNU nano 2.2.6              File: draft.txt                                   \u001b[14;35H[ New File ]\r\u001b[15d^G\u001b(B\u001b[m Get Help  \u001b(B\u001b[0;7m^O\u001b(B\u001b[m WriteOut  \u001b(B\u001b[0;7m^R\u001b(B\u001b[m Read File \u001b(B\u001b[0;7m^Y\u001b(B\u001b[m Prev Page \u001b(B\u001b[0;7m^K\u001b(B\u001b[m Cut Text  \u001b(B\u001b[0;7m^C\u001b(B\u001b[m Cur Pos\r\u001b[16d\u001b(B\u001b[0;7m^X\u001b(B\u001b[m Exit\u001b[14G\u001b(B\u001b[0;7m^J\u001b(B\u001b[m Justify   \u001b(B\u001b[0;7m^W\u001b(B\u001b[m Where Is  \u001b(B\u001b[0;7m^V\u001b(B\u001b[m Next Page \u001b(B\u001b[0;7m^U\u001b(B\u001b[m UnCut Text\u001b(B\u001b[0;7m^T\u001b(B\u001b[m To Spell\r\u001b[3d"
    ],
    [
      1.989945,
      "\u001b[1;71H\u001b(B\u001b[0;7mModified\r\u001b[3d\u001b(B\u001b[mH"
    ],
    [
      0.169875,
      "e"
    ],
    [
      0.084457,
      "r"
    ],
    [
      0.123807,
      "e"
    ],
    [
      0.173742,
      " "
    ],
    [
      0.542459,
      "I"
    ],
    [
      0.247661,
      " "
    ],
    [
      0.214132,
      "w"
    ],
    [
      0.096666,
      "i"
    ],
    [
      0.212002,
      "l"
    ],
    [
      0.135401,
      "l"
    ],
    [
      0.234256,
      " "
    ],
    [
      0.611761,
      "p"
    ],
    [
      0.166058,
      "u"
    ],
    [
      0.140089,
      "t"
    ],
    [
      0.130133,
      " "
    ],
    [
      0.346421,
      "a"
    ],
    [
      0.143649,
      "l"
    ],
    [
      0.03184,
      "l"
    ],
    [
      0.746259,
      " "
    ],
    [
      0.142281,
      "m"
    ],
    [
      0.316849,
      "y"
    ],
    [
      0.154997,
      " "
    ],
    [
      0.474189,
      "g"
    ],
    [
      0.267863,
      "r"
    ],
    [
      0.118211,
      "e\r\u001b[14d\u001b[K\u001b[3;27H"
    ],
    [
      0.096013,
      "a"
    ],
    [
      0.233845,
      "t"
    ],
    [
      0.158189,
      " "
    ],
    [
      1.038015,
      "d"
    ],
    [
      0.126036,
      "i"
    ],
    [
      0.210374,
      "s"
    ],
    [
      0.193637,
      "c"
    ],
    [
      0.09464,
      "o"
    ],
    [
      0.169432,
      "v"
    ],
    [
      0.150338,
      "e"
    ],
    [
      0.137966,
      "r"
    ],
    [
      0.579776,
      "i"
    ],
    [
      0.108036,
      "s"
    ],
    [
      0.214302,
      "e"
    ],
    [
      0.820076,
      "\b \b"
    ],
    [
      0.149765,
      "\b \b"
    ],
    [
      0.910517,
      "e"
    ],
    [
      0.239699,
      "s"
    ],
    [
      0.640066,
      "!"
    ],
    [
      3.248957,
      "\r\u001b[14d\u001b(B\u001b[0;7mFile Name to Write: draft.txt                                                   \u001b[15;14H\u001b(B\u001b[m       \u001b(B\u001b[0;7mM-D\u001b(B\u001b[m DOS Format      \u001b(B\u001b[0;7mM-A\u001b(B\u001b[m Append          \u001b(B\u001b[0;7mM-B\u001b(B\u001b[m Backup File\u001b[16;2H\u001b(B\u001b[0;7mC\u001b(B\u001b[m Cancel           \u001b(B\u001b[0;7mM-M\u001b(B\u001b[m Mac Format      \u001b(B\u001b[0;7mM-P\u001b(B\u001b[m Prepend\u001b[K\u001b[14;30H"
    ],
    [
      2.26188,
      "\u001b[1;71H\u001b[39;49m\u001b(B\u001b[0;7m        \u001b[14;32H\u001b(B\u001b[m\u001b[1K \u001b(B\u001b[0;7m[ Wrote 1 line ]\u001b(B\u001b[m\u001b[K\u001b[15;14H\u001b(B\u001b[0;7m^O\u001b(B\u001b[m WriteOut  \u001b(B\u001b[0;7m^R\u001b(B\u001b[m Read File \u001b(B\u001b[0;7m^Y\u001b(B\u001b[m Prev Page \u001b(B\u001b[0;7m^K\u001b(B\u001b[m Cut Text  \u001b(B\u001b[0;7m^C\u001b(B\u001b[m Cur Pos\u001b[16;2H\u001b(B\u001b[0;7mX\u001b(B\u001b[m Exit      \u001b(B\u001b[0;7m^J\u001b(B\u001b[m Justify   \u001b(B\u001b[0;7m^W\u001b(B\u001b[m Where Is  \u001b(B\u001b[0;7m^V\u001b(B\u001b[m Next Page \u001b(B\u001b[0;7m^U\u001b(B\u001b[m UnCut Text\u001b(B\u001b[0;7m^T\u001b(B\u001b[m To Spell\u001b[3;42H"
    ],
    [
      1.55018,
      "\r\u001b[15d\u001b[J\u001b[16;80H"
    ],
    [
      3.7e-05,
      "\u001b[16;1H\u001b[?1049l\r\u001b[?1l\u001b>"
    ],
    [
      0.001359,
      "\u001b]0;nelle@stacks: ~/PIL-data/thesis\u0007nelle@stacks:~/PIL-data/thesis$ "
    ]
  ],
  "env": {
    "TERM": "xterm",
    "SHELL": "/bin/bash"
  },
  "command": null,
  "duration": 29.986913,
  "title": null
}