{
  "env": {
    "SHELL": "/bin/bash",
    "TERM": "xterm"
  },
  "width": 80,
  "stdout": [
    [
      0.114791,
      "\u001b]0;nelle@stacks: ~/PIL-data\u0007nelle@stacks:~/PIL-data$ "
    ],
    [
      1.928879,
      "r"
    ],
    [
      0.085999,
      "m"
    ],
    [
      0.193321,
      " "
    ],
    [
      0.608805,
      "-"
    ],
    [
      1.202216,
      "r"
    ],
    [
      0.123936,
      " "
    ],
    [
      0.6842,
      "-"
    ],
    [
      0.054207,
      "i"
    ],
    [
      0.358099,
      " "
    ],
    [
      1.216066,
      "t"
    ],
    [
      0.109831,
      "h"
    ],
    [
      0.268133,
      "e"
    ],
    [
      1.356415,
      "sis/"
    ],
    [
      0.886024,
      "\b\u001b[K"
    ],
    [
      2.328045,
      "\r\n"
    ],
    [
      0.002139,
      "rm: descend into directory ‘thesis’? "
    ],
    [
      1.664045,
      "y"
    ],
    [
      0.178085,
      "\r\n"
    ],
    [
      0.000213,
      "rm: remove regular file ‘thesis/draft.txt’? "
    ],
    [
      1.697948,
      "y"
    ],
    [
      0.446404,
      "\r\n"
    ],
    [
      0.000175,
      "rm: remove directory ‘thesis’? "
    ],
    [
      1.137642,
      "y"
    ],
    [
      0.414068,
      "\r\n"
    ],
    [
      0.001104,
      "\u001b]0;nelle@stacks: ~/PIL-data\u0007nelle@stacks:~/PIL-data$ "
    ]
  ],
  "height": 16,
  "command": null,
  "title": null,
  "duration": 17.061894,
  "version": 1
}