{
  "duration": 39.258739,
  "title": null,
  "width": 80,
  "env": {
    "TERM": "xterm",
    "SHELL": "/bin/bash"
  },
  "command": null,
  "height": 16,
  "stdout": [
    [
      0.114129,
      "\u001b]0;nelle@stacks: ~/PIL-data\u0007nelle@stacks:~/PIL-data$ "
    ],
    [
      0.944646,
      "m"
    ],
    [
      0.07799,
      "k"
    ],
    [
      0.256301,
      "d"
    ],
    [
      0.120189,
      "i"
    ],
    [
      0.403311,
      "r"
    ],
    [
      0.200449,
      " "
    ],
    [
      0.788024,
      "t"
    ],
    [
      0.069317,
      "h"
    ],
    [
      0.178928,
      "e"
    ],
    [
      1.118505,
      "s"
    ],
    [
      0.131964,
      "i"
    ],
    [
      0.101446,
      "s"
    ],
    [
      0.186035,
      "\r\n"
    ],
    [
      0.003022,
      "\u001b]0;nelle@stacks: ~/PIL-data\u0007nelle@stacks:~/PIL-data$ "
    ],
    [
      0.090904,
      "\r\n"
    ],
    [
      0.000682,
      "\u001b]0;nelle@stacks: ~/PIL-data\u0007nelle@stacks:~/PIL-data$ "
    ],
    [
      3.281999,
      "n"
    ],
    [
      0.242851,
      "a"
    ],
    [
      0.133114,
      "n"
    ],
    [
      0.400042,
      "o"
    ],
    [
      0.366424,
      " "
    ],
    [
      0.543708,
      "t"
    ],
    [
      0.09427,
      "h"
    ],
    [
      0.208893,
      "esis/"
    ],
    [
      1.395646,
      "d"
    ],
    [
      0.313514,
      "r"
    ],
    [
      0.564111,
      "a"
    ],
    [
      0.254307,
      "f"
    ],
    [
      0.223852,
      "t"
    ],
    [
      0.478209,
      "."
    ],
    [
      0.622793,
      "t"
    ],
    [
      0.251209,
      "x"
    ],
    [
      0.075871,
      "t"
    ],
    [
      0.800063,
      "\r\n"
    ],
    [
      0.032837,
      "\u001b[?1049h\u001b[1;16r\u001b(B\u001b[m\u001b[4l\u001b[?7h\u001b[?12l\u001b[?25h\u001b[?1h\u001b="
    ],
    [
      7.5e-05,
      "\u001b[?1h\u001b=\u001b[?1h\u001b="
    ],
    [
      0.002063,
      "\u001b[39;49m\u001b[39;49m\u001b(B\u001b[m\u001b[H\u001b[2J\u001b(B\u001b[0;7m  GNU nano 2.2.6            File: thesis/draft.txt                              \u001b[14;35H[ New File ]\r\u001b[15d^G\u001b(B\u001b[m Get Help  \u001b(B\u001b[0;7m^O\u001b(B\u001b[m WriteOut  \u001b(B\u001b[0;7m^R\u001b(B\u001b[m Read File \u001b(B\u001b[0;7m^Y\u001b(B\u001b[m Prev Page \u001b(B\u001b[0;7m^K\u001b(B\u001b[m Cut Text  \u001b(B\u001b[0;7m^C\u001b(B\u001b[m Cur Pos\r\u001b[16d\u001b(B\u001b[0;7m^X\u001b(B\u001b[m Exit\u001b[14G\u001b(B\u001b[0;7m^J\u001b(B\u001b[m Justify   \u001b(B\u001b[0;7m^W\u001b(B\u001b[m Where Is  \u001b(B\u001b[0;7m^V\u001b(B\u001b[m Next Page \u001b(B\u001b[0;7m^U\u001b(B\u001b[m UnCut Text\u001b(B\u001b[0;7m^T\u001b(B\u001b[m To Spell\r\u001b[3d"
    ],
    [
      1.4537,
      "\u001b[1;71H\u001b(B\u001b[0;7mModified\r\u001b[3d\u001b(B\u001b[mT"
    ],
    [
      0.173481,
      "h"
    ],
    [
      0.183028,
      "i"
    ],
    [
      0.309379,
      "s"
    ],
    [
      0.078443,
      " "
    ],
    [
      0.20961,
      "t"
    ],
    [
      0.073881,
      "i"
    ],
    [
      0.052135,
      "m"
    ],
    [
      0.109958,
      "e"
    ],
    [
      0.533903,
      ","
    ],
    [
      0.072029,
      " "
    ],
    [
      0.457634,
      "t"
    ],
    [
      0.073471,
      "h"
    ],
    [
      0.198189,
      "i"
    ],
    [
      0.197667,
      "s"
    ],
    [
      0.281747,
      " "
    ],
    [
      0.427815,
      "i"
    ],
    [
      0.179791,
      "s"
    ],
    [
      0.130912,
      " "
    ],
    [
      0.169373,
      "t"
    ],
    [
      0.085982,
      "h"
    ],
    [
      0.129865,
      "e"
    ],
    [
      0.06404,
      " "
    ],
    [
      2.120263,
      "r"
    ],
    [
      0.070261,
      "e"
    ],
    [
      0.097836,
      "a\r\u001b[14d\u001b[K\u001b[3;27H"
    ],
    [
      0.356231,
      "l"
    ],
    [
      0.166102,
      " "
    ],
    [
      0.368301,
      "b"
    ],
    [
      0.146073,
      "e"
    ],
    [
      0.317599,
      "g"
    ],
    [
      0.258418,
      "i"
    ],
    [
      0.248833,
      "n"
    ],
    [
      0.228841,
      "n"
    ],
    [
      0.699749,
      "i"
    ],
    [
      0.060276,
      "n"
    ],
    [
      0.160203,
      "g"
    ],
    [
      0.827968,
      "!"
    ],
    [
      1.394401,
      "\r\u001b[14d\u001b(B\u001b[0;7mFile Name to Write: thesis/draft.txt                                            \u001b[15;14H\u001b(B\u001b[m       \u001b(B\u001b[0;7mM-D\u001b(B\u001b[m DOS Format      \u001b(B\u001b[0;7mM-A\u001b(B\u001b[m Append          \u001b(B\u001b[0;7mM-B\u001b(B\u001b[m Backup File\u001b[16;2H\u001b(B\u001b[0;7mC\u001b(B\u001b[m Cancel           \u001b(B\u001b[0;7mM-M\u001b(B\u001b[m Mac Format      \u001b(B\u001b[0;7mM-P\u001b(B\u001b[m Prepend\u001b[K\u001b[14;37H"
    ],
    [
      0.528068,
      "\u001b[1;71H\u001b[39;49m\u001b(B\u001b[0;7m        \u001b[14;32H\u001b(B\u001b[m\u001b[1K \u001b(B\u001b[0;7m[ Wrote 1 line ]\u001b(B\u001b[m\u001b[K\u001b[15;14H\u001b(B\u001b[0;7m^O\u001b(B\u001b[m WriteOut  \u001b(B\u001b[0;7m^R\u001b(B\u001b[m Read File \u001b(B\u001b[0;7m^Y\u001b(B\u001b[m Prev Page \u001b(B\u001b[0;7m^K\u001b(B\u001b[m Cut Text  \u001b(B\u001b[0;7m^C\u001b(B\u001b[m Cur Pos\u001b[16;2H\u001b(B\u001b[0;7mX\u001b(B\u001b[m Exit      \u001b(B\u001b[0;7m^J\u001b(B\u001b[m Justify   \u001b(B\u001b[0;7m^W\u001b(B\u001b[m Where Is  \u001b(B\u001b[0;7m^V\u001b(B\u001b[m Next Page \u001b(B\u001b[0;7m^U\u001b(B\u001b[m UnCut Text\u001b(B\u001b[0;7m^T\u001b(B\u001b[m To Spell\u001b[3;39H"
    ],
    [
      0.587961,
      "\r\u001b[15d\u001b[J\u001b[16;80H"
    ],
    [
      3.9e-05,
      "\u001b[16;1H\u001b[?1049l\r\u001b[?1l\u001b>"
    ],
    [
      0.001103,
      "\u001b]0;nelle@stacks: ~/PIL-data\u0007nelle@stacks:~/PIL-data$ "
    ],
    [
      1.721881,
      "l"
    ],
    [
      0.096934,
      "s"
    ],
    [
      0.14614,
      "\r\n"
    ],
    [
      0.002439,
      "\u001b[0m\u001b[01;34mcreatures\u001b[0m  \u001b[01;34mDesktop\u001b[0m    \u001b[01;34mnorth-pacific-gyre\u001b[0m  pizza.cfg  \u001b[01;34mthesis\u001b[0m\r\n\u001b[01;34mdata\u001b[0m       \u001b[01;34mmolecules\u001b[0m  notes.txt           solar.pdf  \u001b[01;34mwriting\u001b[0m\r\n"
    ],
    [
      0.001042,
      "\u001b]0;nelle@stacks: ~/PIL-data\u0007nelle@stacks:~/PIL-data$ "
    ],
    [
      5.899163,
      "l"
    ],
    [
      0.138148,
      "s"
    ],
    [
      0.134485,
      " "
    ],
    [
      0.312006,
      "t"
    ],
    [
      0.07758,
      "h"
    ],
    [
      0.128052,
      "e"
    ],
    [
      0.496367,
      "s"
    ],
    [
      0.29258,
      "is/"
    ],
    [
      0.451356,
      "\r\n"
    ],
    [
      0.002234,
      "draft.txt\r\n"
    ],
    [
      0.000986,
      "\u001b]0;nelle@stacks: ~/PIL-data\u0007nelle@stacks:~/PIL-data$ "
    ]
  ],
  "version": 1
}