{
  "command": null,
  "title": null,
  "stdout": [
    [
      0.114525,
      "\u001b]0;nelle@stacks: ~/PIL-data\u0007nelle@stacks:~/PIL-data$ "
    ],
    [
      1.313679,
      "c"
    ],
    [
      0.06991,
      "p"
    ],
    [
      0.483716,
      " "
    ],
    [
      0.956021,
      "q"
    ],
    [
      0.084768,
      "u"
    ],
    [
      0.188359,
      "otes.txt "
    ],
    [
      1.265481,
      "t"
    ],
    [
      0.129884,
      "h"
    ],
    [
      0.128184,
      "e"
    ],
    [
      0.221973,
      "sis/"
    ],
    [
      1.467338,
      "q"
    ],
    [
      0.108825,
      "u"
    ],
    [
      0.311476,
      "o"
    ],
    [
      0.331211,
      "t"
    ],
    [
      0.073373,
      "a"
    ],
    [
      0.124907,
      "t"
    ],
    [
      0.089217,
      "i"
    ],
    [
      0.148983,
      "o"
    ],
    [
      0.058682,
      "n"
    ],
    [
      0.129864,
      "s"
    ],
    [
      0.667906,
      "."
    ],
    [
      0.648436,
      "t"
    ],
    [
      0.091175,
      "x"
    ],
    [
      0.073687,
      "t"
    ],
    [
      1.194853,
      "\r\n"
    ],
    [
      0.003348,
      "\u001b]0;nelle@stacks: ~/PIL-data\u0007nelle@stacks:~/PIL-data$ "
    ],
    [
      1.450787,
      "l"
    ],
    [
      0.074948,
      "s"
    ],
    [
      0.535069,
      " "
    ],
    [
      0.760914,
      "."
    ],
    [
      0.77108,
      " "
    ],
    [
      0.539962,
      "t"
    ],
    [
      0.107647,
      "h"
    ],
    [
      0.133444,
      "e"
    ],
    [
      0.36116,
      "sis/"
    ],
    [
      0.836933,
      "\r\n"
    ],
    [
      0.002374,
      ".:\r\n"
    ],
    [
      0.000134,
      "\u001b[0m\u001b[01;34mcreatures\u001b[0m  \u001b[01;34mDesktop\u001b[0m    \u001b[01;34mnorth-pacific-gyre\u001b[0m  pizza.cfg   solar.pdf  \u001b[01;34mwriting\u001b[0m\r\n"
    ],
    [
      9.1e-05,
      "\u001b[01;34mdata\u001b[0m       \u001b[01;34mmolecules\u001b[0m  notes.txt           quotes.txt  \u001b[01;34mthesis\u001b[0m\r\n\r\nthesis/:\r\n"
    ],
    [
      6.6e-05,
      "quotations.txt\r\n"
    ],
    [
      0.001027,
      "\u001b]0;nelle@stacks: ~/PIL-data\u0007nelle@stacks:~/PIL-data$ "
    ]
  ],
  "height": 16,
  "env": {
    "SHELL": "/bin/bash",
    "TERM": "xterm"
  },
  "version": 1,
  "duration": 16.056498,
  "width": 80
}