{
  "version": 1,
  "title": null,
  "height": 16,
  "command": null,
  "duration": 15.096896,
  "env": {
    "SHELL": "/bin/bash",
    "TERM": "xterm"
  },
  "width": 80,
  "stdout": [
    [
      0.117219,
      "\u001b]0;nelle@stacks: ~/PIL-data\u0007nelle@stacks:~/PIL-data$ "
    ],
    [
      1.982684,
      "m"
    ],
    [
      0.108724,
      "v"
    ],
    [
      0.160139,
      " "
    ],
    [
      0.388052,
      "t"
    ],
    [
      0.148101,
      "h"
    ],
    [
      0.273914,
      "esis/"
    ],
    [
      2.226682,
      "draft.txt "
    ],
    [
      1.832073,
      "t"
    ],
    [
      0.125941,
      "h"
    ],
    [
      0.133963,
      "esis/"
    ],
    [
      1.676325,
      "q"
    ],
    [
      0.124372,
      "u"
    ],
    [
      0.224998,
      "o"
    ],
    [
      0.32907,
      "t"
    ],
    [
      0.111894,
      "e"
    ],
    [
      0.388898,
      "s"
    ],
    [
      0.487025,
      "."
    ],
    [
      0.501913,
      "t"
    ],
    [
      0.232275,
      "x"
    ],
    [
      0.129718,
      "t"
    ],
    [
      0.724197,
      "\r\n"
    ],
    [
      0.003369,
      "\u001b]0;nelle@stacks: ~/PIL-data\u0007nelle@stacks:~/PIL-data$ "
    ],
    [
      1.268956,
      "l"
    ],
    [
      0.099742,
      "s"
    ],
    [
      0.146433,
      " "
    ],
    [
      0.357845,
      "t"
    ],
    [
      0.112588,
      "h"
    ],
    [
      0.185872,
      "esis/"
    ],
    [
      0.48942,
      "\r\n"
    ],
    [
      0.002424,
      "quotes.txt\r\n"
    ],
    [
      0.001005,
      "\u001b]0;nelle@stacks: ~/PIL-data\u0007nelle@stacks:~/PIL-data$ "
    ]
  ]
}