{
  "version": 1,
  "height": 16,
  "width": 80,
  "env": {
    "SHELL": "/bin/bash",
    "TERM": "xterm"
  },
  "duration": 8.56443,
  "command": null,
  "title": null,
  "stdout": [
    [
      0.114824,
      "\u001b]0;nelle@stacks: ~/PIL-data/molecules\u0007nelle@stacks:~/PIL-data/molecules$ "
    ],
    [
      1.142039,
      "s"
    ],
    [
      0.050068,
      "o"
    ],
    [
      0.169971,
      "r"
    ],
    [
      0.178121,
      "t"
    ],
    [
      0.052129,
      " "
    ],
    [
      0.228559,
      "-"
    ],
    [
      0.257307,
      "n"
    ],
    [
      0.152156,
      " "
    ],
    [
      0.848567,
      "l"
    ],
    [
      0.238007,
      "e"
    ],
    [
      0.265454,
      "ngths.txt "
    ],
    [
      1.146612,
      "|"
    ],
    [
      0.37369,
      " "
    ],
    [
      0.344085,
      "h"
    ],
    [
      0.074254,
      "e"
    ],
    [
      0.040004,
      "a"
    ],
    [
      0.17181,
      "d"
    ],
    [
      0.267441,
      " "
    ],
    [
      0.412736,
      "-"
    ],
    [
      0.786807,
      "n"
    ],
    [
      0.131883,
      " "
    ],
    [
      0.311635,
      "1"
    ],
    [
      0.799967,
      "\r\n"
    ],
    [
      0.003878,
      "   9 methane.pdb\r\n"
    ],
    [
      0.001358,
      "\u001b]0;nelle@stacks: ~/PIL-data/molecules\u0007nelle@stacks:~/PIL-data/molecules$ "
    ]
  ]
}