{
  "version": 1,
  "title": null,
  "command": null,
  "duration": 21.677524,
  "width": 80,
  "env": {
    "SHELL": "/bin/bash",
    "TERM": "xterm"
  },
  "height": 16,
  "stdout": [
    [
      0.117468,
      "\u001b]0;nelle@stacks: ~/PIL-data/molecules\u0007nelle@stacks:~/PIL-data/molecules$ "
    ],
    [
      1.143083,
      "s"
    ],
    [
      0.060384,
      "o"
    ],
    [
      0.154998,
      "r"
    ],
    [
      0.165806,
      "t"
    ],
    [
      0.115801,
      " "
    ],
    [
      1.317282,
      "-"
    ],
    [
      1.324147,
      "n"
    ],
    [
      0.162257,
      " "
    ],
    [
      0.420074,
      "l"
    ],
    [
      0.103793,
      "e"
    ],
    [
      0.295287,
      "ngths.txt "
    ],
    [
      2.267124,
      ">"
    ],
    [
      0.378376,
      " "
    ],
    [
      0.896136,
      "s"
    ],
    [
      0.049659,
      "o"
    ],
    [
      0.162245,
      "r"
    ],
    [
      0.182375,
      "t"
    ],
    [
      0.268037,
      "e"
    ],
    [
      0.611493,
      "d"
    ],
    [
      0.27609,
      "-"
    ],
    [
      0.498111,
      "l"
    ],
    [
      0.215961,
      "e"
    ],
    [
      0.144771,
      "n"
    ],
    [
      0.359293,
      "g"
    ],
    [
      0.28014,
      "t"
    ],
    [
      0.216025,
      "h"
    ],
    [
      0.428091,
      "s"
    ],
    [
      0.502916,
      "."
    ],
    [
      0.493577,
      "t"
    ],
    [
      0.091694,
      "x"
    ],
    [
      0.088349,
      "t"
    ],
    [
      0.970228,
      "\r\n"
    ],
    [
      0.003771,
      "\u001b]0;nelle@stacks: ~/PIL-data/molecules\u0007nelle@stacks:~/PIL-data/molecules$ "
    ],
    [
      1.932034,
      "h"
    ],
    [
      0.095617,
      "e"
    ],
    [
      0.022426,
      "a"
    ],
    [
      0.21384,
      "d"
    ],
    [
      0.348497,
      " "
    ],
    [
      0.441844,
      "-"
    ],
    [
      0.608042,
      "n"
    ],
    [
      0.331982,
      " "
    ],
    [
      0.444294,
      "1"
    ],
    [
      0.315706,
      " "
    ],
    [
      0.668108,
      "s"
    ],
    [
      0.064055,
      "o"
    ],
    [
      0.191905,
      "rted-lengths.txt "
    ],
    [
      1.230156,
      "\r\n"
    ],
    [
      0.001965,
      "   9 methane.pdb\r\n"
    ],
    [
      0.001112,
      "\u001b]0;nelle@stacks: ~/PIL-data/molecules\u0007nelle@stacks:~/PIL-data/molecules$ "
    ]
  ]
}