{
  "title": null,
  "height": 16,
  "stdout": [
    [
      0.114782,
      "\u001b]0;nelle@stacks: ~/PIL-data/molecules\u0007nelle@stacks:~/PIL-data/molecules$ "
    ],
    [
      0.828722,
      "w"
    ],
    [
      0.295943,
      "c"
    ],
    [
      0.10703,
      " "
    ],
    [
      0.523418,
      "-"
    ],
    [
      0.055829,
      "l"
    ],
    [
      0.219728,
      " "
    ],
    [
      1.885903,
      "*"
    ],
    [
      0.759077,
      "."
    ],
    [
      0.856531,
      "p"
    ],
    [
      0.124637,
      "d"
    ],
    [
      0.295033,
      "b"
    ],
    [
      0.200132,
      " "
    ],
    [
      0.379756,
      ">"
    ],
    [
      0.26808,
      " "
    ],
    [
      0.174428,
      "l"
    ],
    [
      0.124481,
      "e"
    ],
    [
      0.148099,
      "n"
    ],
    [
      0.254743,
      "g"
    ],
    [
      0.220888,
      "t"
    ],
    [
      0.059798,
      "h"
    ],
    [
      0.576629,
      "s"
    ],
    [
      0.209445,
      "."
    ],
    [
      0.455495,
      "t"
    ],
    [
      0.113325,
      "x"
    ],
    [
      0.057058,
      "t"
    ],
    [
      0.906714,
      "\r\n"
    ],
    [
      0.003792,
      "\u001b]0;nelle@stacks: ~/PIL-data/molecules\u0007nelle@stacks:~/PIL-data/molecules$ "
    ],
    [
      1.105984,
      "c"
    ],
    [
      0.065215,
      "a"
    ],
    [
      0.24282,
      "t"
    ],
    [
      0.15933,
      " "
    ],
    [
      0.270577,
      "l"
    ],
    [
      0.119654,
      "e"
    ],
    [
      0.286294,
      "ngths.txt "
    ],
    [
      1.25184,
      "\r\n"
    ],
    [
      0.001754,
      "  20 cubane.pdb\r\n  12 ethane.pdb\r\n   9 methane.pdb\r\n  30 octane.pdb\r\n  21 pentane.pdb\r\n  15 propane.pdb\r\n"
    ],
    [
      7.7e-05,
      " 107 total\r\n"
    ],
    [
      0.001287,
      "\u001b]0;nelle@stacks: ~/PIL-data/molecules\u0007nelle@stacks:~/PIL-data/molecules$ "
    ]
  ],
  "version": 1,
  "duration": 13.725389,
  "width": 80,
  "command": null,
  "env": {
    "SHELL": "/bin/bash",
    "TERM": "xterm"
  }
}