{
  "duration": 27.054464,
  "title": null,
  "height": 16,
  "command": null,
  "stdout": [
    [
      0.114076,
      "\u001b]0;nelle@stacks: ~/PIL-data/creatures\u0007nelle@stacks:~/PIL-data/creatures$ "
    ],
    [
      0.914978,
      "f"
    ],
    [
      0.051919,
      "o"
    ],
    [
      0.138021,
      "r"
    ],
    [
      0.106059,
      " "
    ],
    [
      0.360486,
      "f"
    ],
    [
      0.057527,
      "i"
    ],
    [
      0.180227,
      "l"
    ],
    [
      0.094226,
      "e"
    ],
    [
      0.125735,
      "n"
    ],
    [
      0.082007,
      "a"
    ],
    [
      0.097911,
      "m"
    ],
    [
      0.103985,
      "e"
    ],
    [
      0.090039,
      " "
    ],
    [
      1.020098,
      "i"
    ],
    [
      0.044335,
      "n"
    ],
    [
      0.159687,
      " "
    ],
    [
      0.634122,
      "*"
    ],
    [
      0.594156,
      "."
    ],
    [
      0.319994,
      "d"
    ],
    [
      0.059987,
      "a"
    ],
    [
      0.205952,
      "t"
    ],
    [
      0.624254,
      "\r\n"
    ],
    [
      9.6e-05,
      "> "
    ],
    [
      0.767843,
      "d"
    ],
    [
      0.064014,
      "o"
    ],
    [
      1.01411,
      "\r\n"
    ],
    [
      8.7e-05,
      "> "
    ],
    [
      0.894072,
      " "
    ],
    [
      0.298057,
      "e"
    ],
    [
      0.220044,
      "c"
    ],
    [
      0.262018,
      "h"
    ],
    [
      0.102228,
      "o"
    ],
    [
      0.159765,
      " "
    ],
    [
      0.456358,
      "$"
    ],
    [
      0.488021,
      "f"
    ],
    [
      0.077719,
      "i"
    ],
    [
      0.174075,
      "l"
    ],
    [
      0.114613,
      "e"
    ],
    [
      0.143928,
      "n"
    ],
    [
      0.119745,
      "a"
    ],
    [
      0.111812,
      "m"
    ],
    [
      0.128558,
      "e"
    ],
    [
      0.645623,
      "\r\n"
    ],
    [
      8.8e-05,
      "> "
    ],
    [
      0.675908,
      " "
    ],
    [
      0.958371,
      "h"
    ],
    [
      0.084018,
      "e"
    ],
    [
      0.043841,
      "a"
    ],
    [
      0.844044,
      "d"
    ],
    [
      0.704114,
      " "
    ],
    [
      0.172088,
      "-"
    ],
    [
      0.221957,
      "n"
    ],
    [
      0.162026,
      " "
    ],
    [
      0.446068,
      "1"
    ],
    [
      0.070053,
      "0"
    ],
    [
      0.135965,
      "0"
    ],
    [
      0.344012,
      " "
    ],
    [
      2.163766,
      "$"
    ],
    [
      0.52903,
      "f"
    ],
    [
      0.065651,
      "i"
    ],
    [
      0.178011,
      "l"
    ],
    [
      0.094055,
      "e"
    ],
    [
      0.139998,
      "n"
    ],
    [
      0.079986,
      "a"
    ],
    [
      0.094317,
      "m"
    ],
    [
      0.107705,
      "e"
    ],
    [
      0.17009,
      " "
    ],
    [
      0.504089,
      "|"
    ],
    [
      0.34005,
      " "
    ],
    [
      1.156162,
      "t"
    ],
    [
      0.060035,
      "a"
    ],
    [
      0.094796,
      "i"
    ],
    [
      0.187168,
      "l"
    ],
    [
      0.158123,
      " "
    ],
    [
      0.252172,
      "-"
    ],
    [
      0.24384,
      "n"
    ],
    [
      0.170292,
      " "
    ],
    [
      0.209991,
      "2"
    ],
    [
      1.285945,
      "\r\n"
    ],
    [
      0.000105,
      "> "
    ],
    [
      0.717938,
      "d"
    ],
    [
      0.110438,
      "o"
    ],
    [
      0.043607,
      "n"
    ],
    [
      0.061973,
      "e"
    ],
    [
      0.540091,
      "\r\n"
    ],
    [
      0.000195,
      "basilisk.dat\r\n"
    ],
    [
      0.003512,
      "GTGGATTTTT\r\nCGTAACGGGT\r\n"
    ],
    [
      0.000331,
      "unicorn.dat\r\n"
    ],
    [
      0.003482,
      "GTGGATTTTT\r\nCGTAACGGGT\r\n"
    ],
    [
      0.001323,
      "\u001b]0;nelle@stacks: ~/PIL-data/creatures\u0007nelle@stacks:~/PIL-data/creatures$ "
    ]
  ],
  "version": 1,
  "env": {
    "TERM": "xterm",
    "SHELL": "/bin/bash"
  },
  "width": 80
}