{
  "height": 16,
  "stdout": [
    [
      0.113611,
      "\u001b]0;nelle@stacks: ~/PIL-data/creatures\u0007nelle@stacks:~/PIL-data/creatures$ "
    ],
    [
      1.416347,
      "c"
    ],
    [
      0.047893,
      "p"
    ],
    [
      0.194612,
      " "
    ],
    [
      1.126432,
      "*"
    ],
    [
      0.341208,
      "."
    ],
    [
      0.564346,
      "d"
    ],
    [
      0.057794,
      "a"
    ],
    [
      0.212039,
      "t"
    ],
    [
      1.204137,
      " "
    ],
    [
      0.640081,
      "o"
    ],
    [
      0.326139,
      "r"
    ],
    [
      0.079894,
      "i"
    ],
    [
      0.476064,
      "g"
    ],
    [
      0.038076,
      "i"
    ],
    [
      0.05795,
      "n"
    ],
    [
      0.148027,
      "a"
    ],
    [
      0.095984,
      "l"
    ],
    [
      1.0242,
      "-"
    ],
    [
      0.838125,
      "*"
    ],
    [
      0.860072,
      "."
    ],
    [
      0.922858,
      "d"
    ],
    [
      0.057283,
      "a"
    ],
    [
      0.209834,
      "t"
    ],
    [
      1.864375,
      "\r\n"
    ],
    [
      0.002815,
      "cp: target ‘original-*.dat’ is not a directory\r\n"
    ],
    [
      0.0014,
      "\u001b]0;nelle@stacks: ~/PIL-data/creatures\u0007nelle@stacks:~/PIL-data/creatures$ "
    ]
  ],
  "width": 80,
  "env": {
    "SHELL": "/bin/bash",
    "TERM": "xterm"
  },
  "title": null,
  "duration": 12.922693,
  "command": null,
  "version": 1
}