{
  "version": 1,
  "stdout": [
    [
      0.115611,
      "\u001b]0;nelle@stacks: ~/PIL-data/molecules\u0007nelle@stacks:~/PIL-data/molecules$ "
    ],
    [
      1.023068,
      "n"
    ],
    [
      0.240057,
      "a"
    ],
    [
      0.085589,
      "n"
    ],
    [
      0.194609,
      "o"
    ],
    [
      0.170562,
      " "
    ],
    [
      0.315914,
      "m"
    ],
    [
      0.026463,
      "i"
    ],
    [
      0.181035,
      "ddle.sh "
    ],
    [
      0.313408,
      "\r\n"
    ],
    [
      0.033153,
      "\u001b[?1049h\u001b[1;16r\u001b(B\u001b[m\u001b[4l\u001b[?7h\u001b[?12l\u001b[?25h"
    ],
    [
      2.6e-05,
      "\u001b[?1h\u001b="
    ],
    [
      0.000106,
      "\u001b[?1h\u001b=\u001b[?1h\u001b="
    ],
    [
      0.004206,
      "\u001b[39;49m\u001b[39;49m\u001b(B\u001b[m\u001b[H\u001b[2J\u001b(B\u001b[0;7m  GNU nano 2.2.6              File: middle.sh                                   \u001b[3;1H\u001b(B\u001b[mhead \u001b[32m-n\u001b[39m\u001b(B\u001b[m \u001b(B\u001b[0;1m\u001b[33m\"$2\"\u001b[39m\u001b(B\u001b[m \u001b(B\u001b[0;1m\u001b[33m\"$1\"\u001b[39m\u001b(B\u001b[m \u001b[32m|\u001b[39m\u001b(B\u001b[m tail \u001b[32m-n\u001b[39m\u001b(B\u001b[m \u001b(B\u001b[0;1m\u001b[33m\"$3\"\u001b[14;33H\u001b[39m\u001b(B\u001b[0;7m[ Read 1 line ]\r\u001b[15d^G\u001b(B\u001b[m Get Help  \u001b(B\u001b[0;7m^O\u001b(B\u001b[m WriteOut  \u001b(B\u001b[0;7m^R\u001b(B\u001b[m Read File \u001b(B\u001b[0;7m^Y\u001b(B\u001b[m Prev Page \u001b(B\u001b[0;7m^K\u001b(B\u001b[m Cut Text  \u001b(B\u001b[0;7m^C\u001b(B\u001b[m Cur Pos\r\u001b[16d\u001b(B\u001b[0;7m^X\u001b(B\u001b[m Exit\u001b[14G\u001b(B\u001b[0;7m^J\u001b(B\u001b[m Justify   \u001b(B\u001b[0;7m^W\u001b(B\u001b[m Where Is  \u001b(B\u001b[0;7m^V\u001b(B\u001b[m Next Page \u001b(B\u001b[0;7m^U\u001b(B\u001b[m UnCut Text\u001b(B\u001b[0;7m^T\u001b(B\u001b[m To Spell\r\u001b[3d"
    ],
    [
      1.066233,
      "\u001b[2;13r\u001b[2;1H\u001bM\u001b[1;16r\u001b[1;71H\u001b(B\u001b[0;7mModified\r\u001b[4d\u001b(B\u001b[m"
    ],
    [
      0.176468,
      "\u001b[A"
    ],
    [
      1.058234,
      "\u001b[36m#\u001b[39m\u001b(B\u001b[m"
    ],
    [
      0.612007,
      "\u001b[42m \u001b[49m\u001b(B\u001b[m"
    ],
    [
      0.437412,
      "\b\u001b[36m S\u001b[39m\u001b(B\u001b[m"
    ],
    [
      0.186726,
      "\u001b[36me\u001b[39m\u001b(B\u001b[m"
    ],
    [
      0.078671,
      "\u001b[36ml\u001b[39m\u001b(B\u001b[m"
    ],
    [
      0.082017,
      "\u001b[36me\u001b[39m\u001b(B\u001b[m"
    ],
    [
      0.20007,
      "\u001b[36mc\u001b[39m\u001b(B\u001b[m"
    ],
    [
      0.189095,
      "\u001b[36mt\u001b[39m\u001b(B\u001b[m"
    ],
    [
      0.072347,
      "\u001b[42m \u001b[49m\u001b(B\u001b[m"
    ],
    [
      0.224699,
      "\b\u001b[36m l\u001b[39m\u001b(B\u001b[m"
    ],
    [
      0.208218,
      "\u001b[36mi\u001b[39m\u001b(B\u001b[m"
    ],
    [
      0.067431,
      "\u001b[36mn\u001b[39m\u001b(B\u001b[m"
    ],
    [
      0.15535,
      "\u001b[36me\u001b[39m\u001b(B\u001b[m"
    ],
    [
      0.141897,
      "\u001b[42m \u001b[49m\u001b(B\u001b[m"
    ],
    [
      0.217995,
      "\b\u001b[36m f\u001b[39m\u001b(B\u001b[m"
    ],
    [
      0.164811,
      "\u001b[36mr\u001b[39m\u001b(B\u001b[m"
    ],
    [
      0.107317,
      "\u001b[36mo\u001b[39m\u001b(B\u001b[m"
    ],
    [
      0.060658,
      "\u001b[36mm\u001b[39m\u001b(B\u001b[m"
    ],
    [
      0.15857,
      "\u001b[42m \u001b[49m\u001b(B\u001b[m"
    ],
    [
      0.02301,
      "\b\u001b[36m t\u001b[39m\u001b(B\u001b[m"
    ],
    [
      0.247645,
      "\u001b[36me\u001b[39m\u001b(B\u001b[m"
    ],
    [
      0.008038,
      "\u001b[36mh\u001b[39m\u001b(B\u001b[m"
    ],
    [
      0.427588,
      "\u001b[42m \u001b[49m\u001b(B\u001b[m"
    ],
    [
      0.270567,
      "\b \r\u001b[14d\u001b[K\u001b[3;23H"
    ],
    [
      0.117897,
      "\b \b"
    ],
    [
      0.123124,
      "\b \b"
    ],
    [
      0.678998,
      "\u001b[36mh\u001b[39m\u001b(B\u001b[m"
    ],
    [
      0.076766,
      "\u001b[36me\u001b[39m\u001b(B\u001b[m"
    ],
    [
      0.072408,
      "\u001b[42m \u001b[49m\u001b(B\u001b[m"
    ],
    [
      0.568705,
      "\b\u001b[36m m\u001b[39m\u001b(B\u001b[m"
    ],
    [
      0.04758,
      "\u001b[36mi\u001b[39m\u001b(B\u001b[m"
    ],
    [
      0.110397,
      "\u001b[36md\u001b[39m\u001b(B\u001b[m"
    ],
    [
      0.141302,
      "\u001b[36md\u001b[39m\u001b(B\u001b[m"
    ],
    [
      0.079938,
      "\u001b[36ml\u001b[39m\u001b(B\u001b[m"
    ],
    [
      0.124122,
      "\u001b[36me\u001b[39m\u001b(B\u001b[m"
    ],
    [
      0.059537,
      "\u001b[42m \u001b[49m\u001b(B\u001b[m"
    ],
    [
      0.251382,
      "\b\u001b[36m o\u001b[39m\u001b(B\u001b[m"
    ],
    [
      0.103935,
      "\u001b[36mf\u001b[39m\u001b(B\u001b[m"
    ],
    [
      0.095749,
      "\u001b[42m \u001b[49m\u001b(B\u001b[m"
    ],
    [
      0.109332,
      "\b\u001b[36m a\u001b[39m\u001b(B\u001b[m"
    ],
    [
      0.082076,
      "\u001b[42m \u001b[49m\u001b(B\u001b[m"
    ],
    [
      0.617851,
      "\b\u001b[36m f\u001b[39m\u001b(B\u001b[m"
    ],
    [
      0.106464,
      "\u001b[36mi\u001b[39m\u001b(B\u001b[m"
    ],
    [
      0.19979,
      "\u001b[36ml\u001b[39m\u001b(B\u001b[m"
    ],
    [
      0.089654,
      "\u001b[36me\u001b[39m\u001b(B\u001b[m"
    ],
    [
      0.65111,
      "\u001b[36m.\u001b[39m\u001b(B\u001b[m"
    ],
    [
      0.427937,
      "\u001b7\u001b[4;14r\u001b8\r\u001b[4d\u001bM\u001b[1;16r\u001b[4;1H"
    ],
    [
      2.269074,
      "\u001b[36m#\u001b[39m\u001b(B\u001b[m"
    ],
    [
      0.334049,
      "\u001b[42m \u001b[49m\u001b(B\u001b[m"
    ],
    [
      1.205794,
      "\b\u001b[36m U\u001b[39m\u001b(B\u001b[m"
    ],
    [
      0.209969,
      "\u001b[36ms\u001b[39m\u001b(B\u001b[m"
    ],
    [
      0.069163,
      "\u001b[36ma\u001b[39m\u001b(B\u001b[m"
    ],
    [
      0.686938,
      "\u001b[36mg\u001b[39m\u001b(B\u001b[m"
    ],
    [
      0.093982,
      "\u001b[36me\u001b[39m\u001b(B\u001b[m"
    ],
    [
      0.980323,
      "\u001b[36m:\u001b[39m\u001b(B\u001b[m"
    ],
    [
      0.433696,
      "\u001b[42m \u001b[49m\u001b(B\u001b[m"
    ],
    [
      0.798011,
      "\b\u001b[36m b\u001b[39m\u001b(B\u001b[m"
    ],
    [
      0.067447,
      "\u001b[36ma\u001b[39m\u001b(B\u001b[m"
    ],
    [
      0.139501,
      "\u001b[36ms\u001b[39m\u001b(B\u001b[m"
    ],
    [
      0.156511,
      "\u001b[36mh\u001b[39m\u001b(B\u001b[m"
    ],
    [
      0.170751,
      "\u001b[42m \u001b[49m\u001b(B\u001b[m"
    ],
    [
      0.483065,
      "\b\u001b[36m m\u001b[39m\u001b(B\u001b[m"
    ],
    [
      0.073736,
      "\u001b[36mi\u001b[39m\u001b(B\u001b[m"
    ],
    [
      0.157454,
      "\u001b[36md\u001b[39m\u001b(B\u001b[m"
    ],
    [
      0.146168,
      "\u001b[36md\u001b[39m\u001b(B\u001b[m"
    ],
    [
      0.068569,
      "\u001b[36ml\u001b[39m\u001b(B\u001b[m"
    ],
    [
      0.13209,
      "\u001b[36me\u001b[39m\u001b(B\u001b[m"
    ],
    [
      0.397195,
      "\u001b[36m.\u001b[39m\u001b(B\u001b[m"
    ],
    [
      0.290668,
      "\u001b[36ms\u001b[39m\u001b(B\u001b[m"
    ],
    [
      0.25894,
      "\u001b[36mh\u001b[39m\u001b(B\u001b[m"
    ],
    [
      0.488959,
      "\u001b[42m \u001b[49m\u001b(B\u001b[m"
    ],
    [
      0.674035,
      "\b\u001b[36m f\u001b[39m\u001b(B\u001b[m"
    ],
    [
      0.079023,
      "\u001b[36mi\u001b[39m\u001b(B\u001b[m"
    ],
    [
      0.17398,
      "\u001b[36ml\u001b[39m\u001b(B\u001b[m"
    ],
    [
      0.095452,
      "\u001b[36me\u001b[39m\u001b(B\u001b[m"
    ],
    [
      0.119974,
      "\u001b[36mn\u001b[39m\u001b(B\u001b[m"
    ],
    [
      0.090635,
      "\u001b[36ma\u001b[39m\u001b(B\u001b[m"
    ],
    [
      0.114077,
      "\u001b[36mm\u001b[39m\u001b(B\u001b[m"
    ],
    [
      0.123032,
