{
  "stdout": [
    [
      0.115585,
      "\u001b]0;nelle@stacks: ~/PIL-data/molecules\u0007nelle@stacks:~/PIL-data/molecules$ "
    ],
    [
      0.879561,
      "b"
    ],
    [
      0.072839,
      "a"
    ],
    [
      0.090185,
      "s"
    ],
    [
      0.145354,
      "h"
    ],
    [
      0.14766,
      " "
    ],
    [
      0.554955,
      "m"
    ],
    [
      0.084179,
      "i"
    ],
    [
      0.178474,
      "ddle.sh "
    ],
    [
      1.137738,
      "p"
    ],
    [
      0.166989,
      "e"
    ],
    [
      0.090837,
      "n"
    ],
    [
      0.162387,
      "tane.pdb "
    ],
    [
      0.756812,
      "\r\n"
    ],
    [
      0.004919,
      "ATOM      9  H           1       1.324   0.350  -1.332  1.00  0.00\r\nATOM     10  H           1       1.271   1.378   0.122  1.00  0.00\r\nATOM     11  H           1      -0.074  -0.384   1.288  1.00  0.00\r\nATOM     12  H           1      -0.048  -1.362  -0.205  1.00  0.00\r\n"
    ],
    [
      4.6e-05,
      "ATOM     13  H           1      -1.183   0.500  -1.412  1.00  0.00\r\n"
    ],
    [
      0.00175,
      "\u001b]0;nelle@stacks: ~/PIL-data/molecules\u0007nelle@stacks:~/PIL-data/molecules$ "
    ]
  ],
  "duration": 4.591366,
  "width": 80,
  "title": null,
  "version": 1,
  "height": 16,
  "env": {
    "SHELL": "/bin/bash",
    "TERM": "xterm"
  },
  "command": null
}