{
  "command": null,
  "env": {
    "SHELL": "/bin/bash",
    "TERM": "xterm"
  },
  "width": 80,
  "duration": 18.622213,
  "height": 16,
  "title": null,
  "stdout": [
    [
      0.116169,
      "\u001b]0;nelle@stacks: ~/PIL-data/molecules\u0007nelle@stacks:~/PIL-data/molecules$ "
    ],
    [
      0.711704,
      "n"
    ],
    [
      0.078852,
      "a"
    ],
    [
      0.34648,
      "n"
    ],
    [
      0.411818,
      "o"
    ],
    [
      0.174164,
      " "
    ],
    [
      0.240664,
      "m"
    ],
    [
      0.086639,
      "i"
    ],
    [
      0.193133,
      "ddle.sh "
    ],
    [
      0.483371,
      "\r\n"
    ],
    [
      0.031266,
      "\u001b[?1049h\u001b[1;16r\u001b(B\u001b[m\u001b[4l\u001b[?7h\u001b[?12l\u001b[?25h\u001b[?1h\u001b="
    ],
    [
      8.9e-05,
      "\u001b[?1h\u001b=\u001b[?1h\u001b="
    ],
    [
      0.003387,
      "\u001b[39;49m\u001b[39;49m\u001b(B\u001b[m\u001b[H\u001b[2J\u001b(B\u001b[0;7m  GNU nano 2.2.6              File: middle.sh                                   \u001b[3;1H\u001b(B\u001b[mhead \u001b[32m-n\u001b[39m\u001b(B\u001b[m 15 octane.pdb \u001b[32m|\u001b[39m\u001b(B\u001b[m tail \u001b[32m-n\u001b[39m\u001b(B\u001b[m 5\u001b[14;33H\u001b(B\u001b[0;7m[ Read 1 line ]\r\u001b[15d^G\u001b(B\u001b[m Get Help  \u001b(B\u001b[0;7m^O\u001b(B\u001b[m WriteOut  \u001b(B\u001b[0;7m^R\u001b(B\u001b[m Read File \u001b(B\u001b[0;7m^Y\u001b(B\u001b[m Prev Page \u001b(B\u001b[0;7m^K\u001b(B\u001b[m Cut Text  \u001b(B\u001b[0;7m^C\u001b(B\u001b[m Cur Pos\r\u001b[16d\u001b(B\u001b[0;7m^X\u001b(B\u001b[m Exit\u001b[14G\u001b(B\u001b[0;7m^J\u001b(B\u001b[m Justify   \u001b(B\u001b[0;7m^W\u001b(B\u001b[m Where Is  \u001b(B\u001b[0;7m^V\u001b(B\u001b[m Next Page \u001b(B\u001b[0;7m^U\u001b(B\u001b[m UnCut Text\u001b(B\u001b[0;7m^T\u001b(B\u001b[m To Spell\r\u001b[3d"
    ],
    [
      0.720524,
      "h"
    ],
    [
      0.5004,
      "e"
    ],
    [
      0.032537,
      "a"
    ],
    [
      0.032875,
      "d"
    ],
    [
      0.034058,
      " "
    ],
    [
      0.032237,
      "\u001b[C"
    ],
    [
      0.033336,
      "\u001b[C"
    ],
    [
      0.032658,
      " "
    ],
    [
      0.032968,
      "1"
    ],
    [
      0.033046,
      "5"
    ],
    [
      0.032588,
      " "
    ],
    [
      0.42602,
      "\u001b[1;71H\u001b(B\u001b[0;7mModified\u001b[3;12H\u001b(B\u001b[m\u001b[1P"
    ],
    [
      0.208827,
      "\u001b[1P"
    ],
    [
      0.177065,
      "\u001b[1P"
    ],
    [
      0.14544,
      "\u001b[1P"
    ],
    [
      0.153114,
      "\u001b[1P"
    ],
    [
      0.157984,
      "\u001b[1P"
    ],
    [
      0.164332,
      "\u001b[1P"
    ],
    [
      0.186883,
      "\u001b[1P"
    ],
    [
      0.329545,
      "\u001b[1P"
    ],
    [
      0.400238,
      "\u001b[1P"
    ],
    [
      1.176286,
      "\u001b[32m$\u001b[39m\u001b(B\u001b[m \u001b[32m|\u001b[39m\u001b(B\u001b[m tail \u001b[32m-n\u001b[39m\u001b(B\u001b[m 5\u001b[3;13H"
    ],
    [
      0.487293,
      "\b\u001b(B\u001b[0;1m\u001b[31m$1\u001b[39m\u001b(B\u001b[m \u001b[32m|\u001b[39m\u001b(B\u001b[m tail \u001b[32m-n\u001b[39m\u001b(B\u001b[m 5\u001b[3;14H"
    ],
    [
      1.388439,
      "\r\u001b[14d\u001b(B\u001b[0;7mFile Name to Write: middle.sh                                                   \u001b[15;14H\u001b(B\u001b[m       \u001b(B\u001b[0;7mM-D\u001b(B\u001b[m DOS Format      \u001b(B\u001b[0;7mM-A\u001b(B\u001b[m Append          \u001b(B\u001b[0;7mM-B\u001b(B\u001b[m Backup File\u001b[16;2H\u001b(B\u001b[0;7mC\u001b(B\u001b[m Cancel           \u001b(B\u001b[0;7mM-M\u001b(B\u001b[m Mac Format      \u001b(B\u001b[0;7mM-P\u001b(B\u001b[m Prepend\u001b[K\u001b[14;30H"
    ],
    [
      0.428159,
      "\u001b[1;71H\u001b[39;49m\u001b(B\u001b[0;7m        \u001b[14;32H\u001b(B\u001b[m\u001b[1K \u001b(B\u001b[0;7m[ Wrote 1 line ]\u001b(B\u001b[m\u001b[K\u001b[15;14H\u001b(B\u001b[0;7m^O\u001b(B\u001b[m WriteOut  \u001b(B\u001b[0;7m^R\u001b(B\u001b[m Read File \u001b(B\u001b[0;7m^Y\u001b(B\u001b[m Prev Page \u001b(B\u001b[0;7m^K\u001b(B\u001b[m Cut Text  \u001b(B\u001b[0;7m^C\u001b(B\u001b[m Cur Pos\u001b[16;2H\u001b(B\u001b[0;7mX\u001b(B\u001b[m Exit      \u001b(B\u001b[0;7m^J\u001b(B\u001b[m Justify   \u001b(B\u001b[0;7m^W\u001b(B\u001b[m Where Is  \u001b(B\u001b[0;7m^V\u001b(B\u001b[m Next Page \u001b(B\u001b[0;7m^U\u001b(B\u001b[m UnCut Text\u001b(B\u001b[0;7m^T\u001b(B\u001b[m To Spell\u001b[3;14H"
    ],
    [
      0.918611,
      "\r\u001b[15d\u001b[J\u001b[16;80H\u001b[16;1H\u001b[?1049l\r\u001b[?1l\u001b>"
    ],
    [
      0.001639,
      "\u001b]0;nelle@stacks: ~/PIL-data/molecules\u0007nelle@stacks:~/PIL-data/molecules$ "
    ],
    [
      2.412644,
      "b"
    ],
    [
      0.089918,
      "a"
    ],
    [
      0.671766,
      "s"
    ],
    [
      0.100271,
      "h"
    ],
    [
      0.16106,
      " "
    ],
    [
      0.471633,
      "m"
    ],
    [
      0.066095,
      "i"
    ],
    [
      0.179871,
      "ddle.sh "
    ],
    [
      1.15783,
      "o"
    ],
    [
      0.369372,
      "c"
    ],
    [
      0.317944,
      "tane.pdb "
    ],
    [
      1.471038,
      "\r\n"
    ],
    [
      0.004953,
      "ATOM      9  H           1      -4.502   0.681   0.785  1.00  0.00\r\nATOM     10  H           1      -5.254  -0.243  -0.537  1.00  0.00\r\n"
    ],
    [
      4.8e-05,
      "ATOM     11  H           1      -4.357   1.252  -0.895  1.00  0.00\r\nATOM     12  H           1      -3.009  -0.741  -1.467  1.00  0.00\r\nATOM     13  H           1      -3.172  -1.337   0.206  1.00  0.00\r\n"
    ],
    [
      0.001773,
      "\u001b]0;nelle@stacks: ~/PIL-data/molecules\u0007nelle@stacks:~/PIL-data/molecules$ "
    ]
  ],
  "version": 1
}