{
  "title": null,
  "version": 1,
  "height": 16,
  "stdout": [
    [
      0.11984,
      "\u001b]0;nelle@stacks: ~/PIL-data/molecules\u0007nelle@stacks:~/PIL-data/molecules$ "
    ],
    [
      2.622913,
      "n"
    ],
    [
      0.086628,
      "a"
    ],
    [
      0.104645,
      "n"
    ],
    [
      0.259818,
      "o"
    ],
    [
      0.192181,
      " "
    ],
    [
      0.519283,
      "s"
    ],
    [
      0.075027,
      "o"
    ],
    [
      0.187562,
      "r"
    ],
    [
      0.25433,
      "t"
    ],
    [
      0.053677,
      "e"
    ],
    [
      0.219624,
      "d"
    ],
    [
      0.500764,
      "."
    ],
    [
      0.28224,
      "s"
    ],
    [
      0.4306,
      "h"
    ],
    [
      1.081132,
      "\r\n"
    ],
    [
      0.032589,
      "\u001b[?1049h\u001b[1;16r\u001b(B\u001b[m\u001b[4l\u001b[?7h\u001b[?12l\u001b[?25h\u001b[?1h\u001b="
    ],
    [
      7.3e-05,
      "\u001b[?1h\u001b=\u001b[?1h\u001b="
    ],
    [
      0.002971,
      "\u001b[39;49m\u001b[39;49m\u001b(B\u001b[m\u001b[H\u001b[2J\u001b(B\u001b[0;7m  GNU nano 2.2.6              File: sorted.sh                                   \u001b[14;35H[ New File ]\r\u001b[15d^G\u001b(B\u001b[m Get Help  \u001b(B\u001b[0;7m^O\u001b(B\u001b[m WriteOut  \u001b(B\u001b[0;7m^R\u001b(B\u001b[m Read File \u001b(B\u001b[0;7m^Y\u001b(B\u001b[m Prev Page \u001b(B\u001b[0;7m^K\u001b(B\u001b[m Cut Text  \u001b(B\u001b[0;7m^C\u001b(B\u001b[m Cur Pos\r\u001b[16d\u001b(B\u001b[0;7m^X\u001b(B\u001b[m Exit\u001b[14G\u001b(B\u001b[0;7m^J\u001b(B\u001b[m Justify   \u001b(B\u001b[0;7m^W\u001b(B\u001b[m Where Is  \u001b(B\u001b[0;7m^V\u001b(B\u001b[m Next Page \u001b(B\u001b[0;7m^U\u001b(B\u001b[m UnCut Text\u001b(B\u001b[0;7m^T\u001b(B\u001b[m To Spell\r\u001b[3d"
    ],
    [
      6.375403,
      "\u001b[1;71H\u001b(B\u001b[0;7mModified\r\u001b[3d\u001b(B\u001b[0m\u001b[36m# Sort filenames by their length.\r\u001b[4d# Usage: bash sorted.sh one_or_more_filenames\r\u001b[14d\u001b[39m\u001b(B\u001b[m\u001b[K\u001b[4;46H"
    ],
    [
      1.588251,
      "\r\u001b[5d"
    ],
    [
      1.28032,
      "w"
    ],
    [
      0.266278,
      "c"
    ],
    [
      0.092623,
      "\u001b[42m \u001b[49m\u001b(B\u001b[m"
    ],
    [
      0.9955,
      "\b -"
    ],
    [
      0.041231,
      "l"
    ],
    [
      0.513747,
      "\u001b[42m \u001b[49m\u001b(B\u001b[m"
    ],
    [
      0.903951,
      "\b \""
    ],
    [
      0.772141,
      "@"
    ],
    [
      1.93194,
      "\b\b\u001b(B\u001b[0;1m\u001b[33m\"@\"\u001b[39m\u001b(B\u001b[m"
    ],
    [
      0.625641,
      "\b"
    ],
    [
      0.17219,
      "\b"
    ],
    [
      0.986313,
      "\u001b(B\u001b[0;1m\u001b[33m$@\"\b\b\u001b[39m\u001b(B\u001b[m"
    ],
    [
      0.535731,
      "\u001b[11G"
    ],
    [
      1.14529,
      "\u001b[42m \u001b[49m\u001b(B\u001b[m"
    ],
    [
      0.492321,
      "\b \u001b[32m|\u001b[39m\u001b(B\u001b[m"
    ],
    [
      0.261694,
      "\u001b[42m \u001b[49m\u001b(B\u001b[m"
    ],
    [
      0.244907,
      "\b s"
    ],
    [
      0.074992,
      "o"
    ],
    [
      0.131045,
      "r"
    ],
    [
      0.179383,
      "t"
    ],
    [
      0.201711,
      "\u001b[42m \u001b[49m\u001b(B\u001b[m"
    ],
    [
      1.16275,
      "\b -"
    ],
    [
      0.490018,
      "\b\u001b[32m-n\u001b[39m\u001b(B\u001b[m"
    ],
    [
      4.536484,
      "\r\u001b[14d\u001b(B\u001b[0;7mFile Name to Write: sorted.sh                                                   \u001b[15;14H\u001b(B\u001b[m       \u001b(B\u001b[0;7mM-D\u001b(B\u001b[m DOS Format      \u001b(B\u001b[0;7mM-A\u001b(B\u001b[m Append          \u001b(B\u001b[0;7mM-B\u001b(B\u001b[m Backup File\u001b[16;2H\u001b(B\u001b[0;7mC\u001b(B\u001b[m Cancel           \u001b(B\u001b[0;7mM-M\u001b(B\u001b[m Mac Format      \u001b(B\u001b[0;7mM-P\u001b(B\u001b[m Prepend\u001b[K\u001b[14;30H"
    ],
    [
      0.527101,
      "\u001b[1;71H\u001b[39;49m\u001b(B\u001b[0;7m        \u001b[14;31H\u001b(B\u001b[m\u001b[1K \u001b(B\u001b[0;7m[ Wrote 3 lines ]\u001b(B\u001b[m\u001b[K\u001b[15;14H\u001b(B\u001b[0;7m^O\u001b(B\u001b[m WriteOut  \u001b(B\u001b[0;7m^R\u001b(B\u001b[m Read File \u001b(B\u001b[0;7m^Y\u001b(B\u001b[m Prev Page \u001b(B\u001b[0;7m^K\u001b(B\u001b[m Cut Text  \u001b(B\u001b[0;7m^C\u001b(B\u001b[m Cur Pos\u001b[16;2H\u001b(B\u001b[0;7mX\u001b(B\u001b[m Exit      \u001b(B\u001b[0;7m^J\u001b(B\u001b[m Justify   \u001b(B\u001b[0;7m^W\u001b(B\u001b[m Where Is  \u001b(B\u001b[0;7m^V\u001b(B\u001b[m Next Page \u001b(B\u001b[0;7m^U\u001b(B\u001b[m UnCut Text\u001b(B\u001b[0;7m^T\u001b(B\u001b[m To Spell\u001b[5;21H"
    ],
    [
      1.025259,
      "\r\u001b[15d\u001b[J\u001b[16;80H"
    ],
    [
      4.1e-05,
      "\u001b[16;1H\u001b[?1049l\r\u001b[?1l\u001b>"
    ],
    [
      0.001493,
      "\u001b]0;nelle@stacks: ~/PIL-data/molecules\u0007nelle@stacks:~/PIL-data/molecules$ "
    ],
    [
      1.810977,
      "b"
    ],
    [
      0.085694,
      "a"
    ],
    [
      0.153106,
      "s"
    ],
    [
      0.265925,
      "h"
    ],
    [
      0.269725,
      " "
    ],
    [
      1.076375,
      "d"
    ],
    [
      0.087511,
      "o"
    ],
    [
      0.270221,
      "r"
    ],
    [
      0.174844,
      "\u0007"
    ],
    [
      0.641874,
      "\b\u001b[K"
    ],
    [
      0.124113,
      "\b\u001b[K"
    ],
    [
      0.277036,
      "\b\u001b[K"
    ],
    [
      0.370188,
      "d"
    ],
    [
      0.076856,
      "o"
    ],
    [
      0.289266,
      "\b\u001b[K"
    ],
    [
      0.247154,
      "\b\u001b[K"
    ],
    [
      0.354582,
      "s"
    ],
    [
      0.068988,
      "o"
    ],
    [
      0.120444,
      "\u0007"
    ],
    [
      4.4e-05,
      "rted"
    ],
    [
      1.580115,
      "."
    ],
    [
      0.136845,
      "sh "
    ],
    [
      1.927756,
      "*"
    ],
    [
      0.418726,
      "."
    ],
    [
      1.26666,
      "p"
    ],
    [
      0.611715,
      "d"
    ],
    [
      0.393708,
      "b"
    ],
    [
      0.405251,
      " "
    ],
    [
      1.057795,
      "."
    ],
    [
      0.126988,
      "."
    ],
    [
      0.107136,
      "/"
    ],
    [
      1.213774,
      "c"
    ],
    [
      0.194248,
      "r"
    ],
    [
      0.035807,
      "e"
    ],
    [
      0.068969,
      "a"
    ],
    [
      0.515152,
      "tures/"
    ],
    [
      1.541641,
      "*"
    ],
    [
      0.313535,
      "."
    ],
    [
      0.376975,
      "d"
    ],
    [
      0.044194,
      "a"
    ],
    [
      0.215751,
      "t"
    ],
    [
      1.216813,
      "\r\n"
    ],
    [
      0.005404,
      "   9 methane.pdb\r\n  12 ethane.pdb\r\n  15 propane.pdb\r\n  20 cubane.pdb\r\n  21 pentane.pdb"
    ],
    [
      5.1e-05,
      "\r\n  30 octane.pdb\r\n 163 ../creatures/basilisk.dat\r\n 163 ../creatures/unicorn.dat\r\n 433 total\r\n"
    ],
    [
      0.001842,
      "\u001b]0;nelle@stacks: ~/PIL-data/molecules\u0007nelle@stacks:~/PIL-data/molecules$ "
    ]
  ],
  "width": 80,
  "command": null,
  "env": {
    "TERM": "xterm",
    "SHELL": "/bin/bash"
  },
  "duration": 55.124535
}