{
  "env": {
    "SHELL": "/bin/bash",
    "TERM": "xterm"
  },
  "stdout": [
    [
      0.115937,
      "\u001b]0;nelle@stacks: ~/PIL-data/molecules\u0007nelle@stacks:~/PIL-data/molecules$ "
    ],
    [
      0.808483,
      "b"
    ],
    [
      0.09444,
      "a"
    ],
    [
      0.15135,
      "s"
    ],
    [
      0.160557,
      "h"
    ],
    [
      0.141838,
      " "
    ],
    [
      0.822134,
      "m"
    ],
    [
      0.044651,
      "i"
    ],
    [
      0.131004,
      "ddle.sh "
    ],
    [
      1.433878,
      "p"
    ],
    [
      0.163418,
      "e"
    ],
    [
      0.1633,
      "n"
    ],
    [
      0.166821,
      "tane.pdb "
    ],
    [
      1.542733,
      "2"
    ],
    [
      0.117141,
      "0"
    ],
    [
      0.350715,
      " "
    ],
    [
      0.859294,
      "5"
    ],
    [
      0.64109,
      "\r\n"
    ],
    [
      0.005006,
      "ATOM     14  H           1      -1.259   1.420   0.112  1.00  0.00\r\nATOM     15  H           1      -2.608  -0.407   1.130  1.00  0.00\r\nATOM     16  H           1      -2.540  -1.303  -0.404  1.00  0.00\r\nATOM     17  H           1      -3.393   0.254  -0.321  1.00  0.00\r\n"
    ],
    [
      4.6e-05,
      "TER      18              1\r\n"
    ],
    [
      0.001689,
      "\u001b]0;nelle@stacks: ~/PIL-data/molecules\u0007nelle@stacks:~/PIL-data/molecules$ "
    ]
  ],
  "height": 16,
  "title": null,
  "duration": 7.916622,
  "command": null,
  "version": 1,
  "width": 80
}