{
  "duration": 3.710047,
  "version": 1,
  "title": null,
  "env": {
    "SHELL": "/bin/bash",
    "TERM": "xterm"
  },
  "stdout": [
    [
      0.113733,
      "\u001b]0;nelle@stacks: ~/PIL-data/molecules\u0007nelle@stacks:~/PIL-data/molecules$ "
    ],
    [
      1.082081,
      "b"
    ],
    [
      0.077903,
      "a"
    ],
    [
      0.119723,
      "s"
    ],
    [
      0.143598,
      "h"
    ],
    [
      0.102903,
      " "
    ],
    [
      0.442347,
      "m"
    ],
    [
      0.491536,
      "i"
    ],
    [
      0.338851,
      "ddle.sh "
    ],
    [
      0.789606,
      "\r\n"
    ],
    [
      0.004869,
      "ATOM      9  H           1      -4.502   0.681   0.785  1.00  0.00\r\nATOM     10  H           1      -5.254  -0.243  -0.537  1.00  0.00\r\nATOM     11  H           1      -4.357   1.252  -0.895  1.00  0.00\r\nATOM     12  H           1      -3.009  -0.741  -1.467  1.00  0.00\r\n"
    ],
    [
      4.5e-05,
      "ATOM     13  H           1      -3.172  -1.337   0.206  1.00  0.00\r\n"
    ],
    [
      0.001755,
      "\u001b]0;nelle@stacks: ~/PIL-data/molecules\u0007nelle@stacks:~/PIL-data/molecules$ "
    ]
  ],
  "height": 16,
  "width": 80,
  "command": null
}