{
  "height": 16,
  "duration": 5.845925,
  "env": {
    "TERM": "xterm",
    "SHELL": "/bin/bash"
  },
  "title": null,
  "width": 80,
  "command": null,
  "stdout": [
    [
      0.116012,
      "\u001b]0;nelle@stacks: ~/PIL-data/writing\u0007nelle@stacks:~/PIL-data/writing$ "
    ],
    [
      0.505881,
      "grep -w day haiku.txt "
    ],
    [
      0.508011,
      "\b"
    ],
    [
      0.50029,
      "\b"
    ],
    [
      0.032368,
      "\b"
    ],
    [
      0.033402,
      "\b"
    ],
    [
      0.03258,
      "\b"
    ],
    [
      0.033277,
      "\b"
    ],
    [
      0.033139,
      "\b"
    ],
    [
      0.033004,
      "\b"
    ],
    [
      0.033065,
      "\b"
    ],
    [
      0.222055,
      "\b"
    ],
    [
      0.151082,
      "\b"
    ],
    [
      0.26673,
      "\b\u001b[1P"
    ],
    [
      0.104783,
      "\b\u001b[1P"
    ],
    [
      0.147959,
      "\b\u001b[1P"
    ],
    [
      0.840348,
      "\u001b[1@\""
    ],
    [
      0.54526,
      "\u001b[1@i"
    ],
    [
      0.098401,
      "\u001b[1@s"
    ],
    [
      0.063878,
      "\u001b[C\u001b[1@ \b"
    ],
    [
      0.175473,
      "\u001b[1@n"
    ],
    [
      0.043438,
      "\u001b[1@o"
    ],
    [
      0.117113,
      "\u001b[1@t"
    ],
    [
      0.655229,
      "\u001b[1@\""
    ],
    [
      0.54841,
      "\r\n"
    ],
    [
      0.002352,
      "Today it \u001b[01;31m\u001b[Kis not\u001b[m\u001b[K working\r\n"
    ],
    [
      0.001279,
      "\u001b]0;nelle@stacks: ~/PIL-data/writing\u0007nelle@stacks:~/PIL-data/writing$ "
    ]
  ],
  "version": 1
}