{
  "env": {
    "TERM": "xterm",
    "SHELL": "/bin/bash"
  },
  "width": 80,
  "command": null,
  "height": 16,
  "duration": 14.78988,
  "title": null,
  "version": 1,
  "stdout": [
    [
      0.114649,
      "\u001b]0;nelle@stacks: ~/PIL-data/writing\u0007nelle@stacks:~/PIL-data/writing$ "
    ],
    [
      0.900419,
      "w"
    ],
    [
      0.197551,
      "c"
    ],
    [
      0.112926,
      " "
    ],
    [
      0.628133,
      "-"
    ],
    [
      0.062586,
      "l"
    ],
    [
      0.149071,
      " "
    ],
    [
      1.380197,
      "$"
    ],
    [
      0.385138,
      "("
    ],
    [
      1.994258,
      "f"
    ],
    [
      0.106352,
      "i"
    ],
    [
      0.050937,
      "n"
    ],
    [
      0.214429,
      "d"
    ],
    [
      0.330856,
      " "
    ],
    [
      0.867248,
      "."
    ],
    [
      0.18181,
      " "
    ],
    [
      0.50625,
      "-"
    ],
    [
      0.297324,
      "n"
    ],
    [
      0.1032,
      "a"
    ],
    [
      0.077348,
      "m"
    ],
    [
      0.125134,
      "e"
    ],
    [
      0.099758,
      " "
    ],
    [
      0.800906,
      "'"
    ],
    [
      0.99306,
      "*"
    ],
    [
      0.262012,
      "."
    ],
    [
      0.658666,
      "t"
    ],
    [
      0.098366,
      "x"
    ],
    [
      0.075035,
      "t"
    ],
    [
      0.640143,
      "'"
    ],
    [
      0.674446,
      ")"
    ],
    [
      1.694207,
      "\r\n"
    ],
    [
      0.005337,
      "   11 ./haiku.txt\r\n   70 ./data/one.txt\r\n  300 ./data/two.txt\r\n  381 total\r\n"
    ],
    [
      0.001006,
      "\u001b]0;nelle@stacks: ~/PIL-data/writing\u0007nelle@stacks:~/PIL-data/writing$ "
    ]
  ]
}