{
  "height": 16,
  "version": 1,
  "env": {
    "TERM": "xterm",
    "SHELL": "/bin/bash"
  },
  "width": 80,
  "command": null,
  "title": null,
  "stdout": [
    [
      0.119138,
      "\u001b]0;nelle@stacks: ~/PIL-data/writing\u0007nelle@stacks:~/PIL-data/writing$ "
    ],
    [
      1.019059,
      "g"
    ],
    [
      0.273802,
      "r"
    ],
    [
      0.040136,
      "e"
    ],
    [
      0.14509,
      "p"
    ],
    [
      0.169504,
      " "
    ],
    [
      0.615425,
      "\""
    ],
    [
      0.51704,
      "F"
    ],
    [
      0.182022,
      "E"
    ],
    [
      0.771142,
      "\""
    ],
    [
      0.501068,
      " "
    ],
    [
      1.607532,
      "$"
    ],
    [
      0.321938,
      "("
    ],
    [
      1.353123,
      "f"
    ],
    [
      0.088009,
      "i"
    ],
    [
      0.05181,
      "n"
    ],
    [
      0.205033,
      "d"
    ],
    [
      0.144258,
      " "
    ],
    [
      0.956207,
      "."
    ],
    [
      0.111588,
      "."
    ],
    [
      0.218974,
      " "
    ],
    [
      0.377353,
      "-"
    ],
    [
      0.234471,
      "n"
    ],
    [
      0.074554,
      "a"
    ],
    [
      0.138917,
      "m"
    ],
    [
      0.104851,
      "e"
    ],
    [
      0.088116,
      " "
    ],
    [
      0.646081,
      "'"
    ],
    [
      0.628699,
      "*"
    ],
    [
      0.404403,
      "."
    ],
    [
      1.409777,
      "p"
    ],
    [
      0.38975,
      "d"
    ],
    [
      0.469509,
      "b"
    ],
    [
      0.968895,
      "'"
    ],
    [
      0.726907,
      ")"
    ],
    [
      0.615396,
      "\r\n"
    ],
    [
      0.007432,
      "\u001b[35m\u001b[K../data/pdb/heme.pdb\u001b[m\u001b[K\u001b[36m\u001b[K:\u001b[m\u001b[KATOM     25 \u001b[01;31m\u001b[KFE\u001b[m\u001b[K           1      -0.924   0.535  -0.518\r\n"
    ],
    [
      0.002139,
      "\u001b]0;nelle@stacks: ~/PIL-data/writing\u0007nelle@stacks:~/PIL-data/writing$ "
    ]
  ],
  "duration": 16.700274
}