{
  "height": 16,
  "env": {
    "TERM": "xterm",
    "SHELL": "/bin/bash"
  },
  "version": 1,
  "width": 80,
  "command": null,
  "duration": 8.953835,
  "stdout": [
    [
      0.115535,
      "\u001b]0;nelle@stacks: ~/PIL-data/writing\u0007nelle@stacks:~/PIL-data/writing$ "
    ],
    [
      1.690143,
      "find . -type f"
    ],
    [
      1.054983,
      "\b\u001b[K"
    ],
    [
      0.141274,
      "\b\u001b[K"
    ],
    [
      0.114991,
      "\b\u001b[K"
    ],
    [
      0.127889,
      "\b\u001b[K"
    ],
    [
      0.099978,
      "\b\u001b[K"
    ],
    [
      0.219805,
      "\b\u001b[K"
    ],
    [
      0.568381,
      "n"
    ],
    [
      0.062629,
      "a"
    ],
    [
      0.092384,
      "m"
    ],
    [
      0.089835,
      "e"
    ],
    [
      0.098064,
      " "
    ],
    [
      1.675957,
      "*"
    ],
    [
      0.308021,
      "."
    ],
    [
      0.456092,
      "t"
    ],
    [
      0.22735,
      "x"
    ],
    [
      0.099672,
      "t"
    ],
    [
      1.705803,
      "\r\n"
    ],
    [
      0.002515,
      "./haiku.txt\r\n"
    ],
    [
      0.001383,
      "\u001b]0;nelle@stacks: ~/PIL-data/writing\u0007nelle@stacks:~/PIL-data/writing$ "
    ]
  ],
  "title": null
}