{
  "duration": 8.17041,
  "command": null,
  "version": 1,
  "width": 80,
  "stdout": [
    [
      0.117846,
      "\u001b]0;nelle@stacks: ~/PIL-data/writing\u0007nelle@stacks:~/PIL-data/writing$ "
    ],
    [
      1.185467,
      "f"
    ],
    [
      0.053409,
      "i"
    ],
    [
      0.034809,
      "n"
    ],
    [
      0.206426,
      "d"
    ],
    [
      0.087115,
      " "
    ],
    [
      0.650975,
      "."
    ],
    [
      0.161963,
      " "
    ],
    [
      0.305026,
      "-"
    ],
    [
      0.312886,
      "t"
    ],
    [
      0.225857,
      "y"
    ],
    [
      0.193177,
      "p"
    ],
    [
      0.837144,
      "e"
    ],
    [
      0.432064,
      " "
    ],
    [
      2.817146,
      "d"
    ],
    [
      0.544175,
      "\r\n"
    ],
    [
      0.002246,
      ".\r\n./old"
    ],
    [
      4.5e-05,
      "\r\n./data\r\n"
    ],
    [
      3.1e-05,
      "./tools\r\n"
    ],
    [
      2.9e-05,
      "./tools/old\r\n"
    ],
    [
      7.2e-05,
      "./thesis\r\n"
    ],
    [
      0.001396,
      "\u001b]0;nelle@stacks: ~/PIL-data/writing\u0007nelle@stacks:~/PIL-data/writing$ "
    ]
  ],
  "env": {
    "TERM": "xterm",
    "SHELL": "/bin/bash"
  },
  "title": null,
  "height": 16
}